{
    "description": "项目配置文件",
    "packOptions": {
        "ignore": [],
        "include": []
    },
    "setting": {
        "urlCheck": false,
        "es6": true,
        "enhance": false,
        "postcss": true,
        "preloadBackgroundData": false,
        "minified": true,
        "newFeature": true,
        "coverView": true,
        "nodeModules": true,
        "autoAudits": false,
        "showShadowRootInWxmlPanel": true,
        "scopeDataCheck": false,
        "uglifyFileName": false,
        "checkInvalidKey": true,
        "checkSiteMap": true,
        "uploadWithSourceMap": true,
        "compileHotReLoad": false,
        "useMultiFrameRuntime": false,
        "useApiHook": true,
        "babelSetting": {
            "ignore": [],
            "disablePlugins": [],
            "outputPath": ""
        },
        "enableEngineNative": false,
        "bundle": false,
        "useIsolateContext": true,
        "useCompilerModule": true,
        "userConfirmedUseCompilerModuleSwitch": false,
        "userConfirmedBundleSwitch": false,
        "packNpmManually": false,
        "packNpmRelationList": [],
        "minifyWXSS": true,
        "condition": false
    },
    "compileType": "miniprogram",
    "libVersion": "2.25.3",
    "appid": "touristappid",
    "projectname": "eduApp2",
    "simulatorType": "wechat",
    "simulatorPluginLibVersion": {},
    "condition": {
        "miniprogram": {
            "list": [
                {
                    "name": "graph",
                    "pathName": "pages/graph/graph",
                    "query": "",
                    "scene": null
                },
                {
                    "name": "pages/project/project",
                    "pathName": "pages/project/project",
                    "query": "",
                    "scene": null
                },
                {
                    "name": "pages/consensus/consensus",
                    "pathName": "pages/consensus/consensus",
                    "query": "",
                    "scene": null
                },
                {
                    "name": "pages/link/link",
                    "pathName": "pages/link/link",
                    "query": "source=2&target=77",
                    "scene": null
                }
            ]
        }
    },
    "editorSetting": {
        "tabIndent": "insertSpaces",
        "tabSize": 4
    }
}