{
  "usingComponents": {
        "ec-canvas": "../../ec-canvas/ec-canvas",
        "van-cell": "@vant/weapp/cell/index",
        "van-cell-group": "@vant/weapp/cell-group/index",
        "van-collapse": "@vant/weapp/collapse/index",
        "van-collapse-item": "@vant/weapp/collapse-item/index",
        "van-tab": "@vant/weapp/tab/index",
        "van-tabs": "@vant/weapp/tabs/index",
        "van-rate": "@vant/weapp/rate/index",
        "van-loading": "@vant/weapp/loading/index",
        "van-card": "@vant/weapp/card/index",
        "van-row": "@vant/weapp/row/index",
        "van-col": "@vant/weapp/col/index",
        "van-button": "@vant/weapp/button/index"
  }
}