{
  "usingComponents": {
    "ch-canvas": "../../ch-canvas/ch-canvas",
    "ec-canvas": "../../ec-canvas/ec-canvas",
    "van-cell": "@vant/weapp/cell/index",
    "van-cell-group": "@vant/weapp/cell-group/index",
    "van-collapse": "@vant/weapp/collapse/index",
    "van-collapse-item": "@vant/weapp/collapse-item/index",
    "van-tab": "@vant/weapp/tab/index",
    "van-tabs": "@vant/weapp/tabs/index",
    "van-rate": "@vant/weapp/rate/index",
    "van-loading": "@vant/weapp/loading/index",
    "van-card": "@vant/weapp/card/index",
    "van-popup": "@vant/weapp/popup/index",
    "van-dropdown-menu": "@vant/weapp/dropdown-menu/index",
    "van-dropdown-item": "@vant/weapp/dropdown-item/index",
    "van-progress": "@vant/weapp/progress/index",
    "van-divider": "@vant/weapp/divider/index",
    "van-row": "@vant/weapp/row/index",
    "van-col": "@vant/weapp/col/index",
    "van-grid": "@vant/weapp/grid/index",
    "van-grid-item": "@vant/weapp/grid-item/index",
    "van-sticky": "@vant/weapp/sticky/index",
    "van-field": "@vant/weapp/field/index",
    "van-button": "@vant/weapp/button/index",
    "van-toast": "@vant/weapp/toast/index",
    "van-picker": "@vant/weapp/picker/index"
  },
  "enablePullDownRefresh": false,
  "pageOrientation": "auto"
}